work_year,experience_level,employment_type,job_title,salary,salary_currency,salary_in_usd,employee_residence,remote_ratio,company_location,company_size
2024,SE,FT,AI Engineer,202730,USD,202730,US,0,US,M
2024,SE,FT,AI Engineer,92118,USD,92118,US,0,US,M
2024,SE,FT,Data Engineer,130500,USD,130500,US,0,US,M
2024,SE,FT,Data Engineer,96000,USD,96000,US,0,US,M
2024,SE,FT,Machine Learning Engineer,190000,USD,190000,US,0,US,M
2024,SE,FT,Machine Learning Engineer,160000,USD,160000,US,0,US,M
2024,MI,FT,ML Engineer,400000,USD,400000,US,0,US,M
2024,MI,FT,ML Engineer,65000,USD,65000,US,0,US,M
2024,EN,FT,Data Analyst,101520,USD,101520,US,0,US,M
2024,EN,FT,Data Analyst,45864,USD,45864,US,0,US,M
2024,SE,FT,Data Engineer,172469,USD,172469,US,0,US,M
2024,SE,FT,Data Engineer,114945,USD,114945,US,0,US,M
2024,EX,FT,NLP Engineer,200000,USD,200000,US,0,US,M
2024,EX,FT,NLP Engineer,150000,USD,150000,US,0,US,M
2024,MI,FT,Data Scientist,156450,USD,156450,US,100,US,M
2024,MI,FT,Data Scientist,119200,USD,119200,US,100,US,M
2024,SE,FT,Data Analyst,170000,USD,170000,US,0,US,M
2024,SE,FT,Data Analyst,130000,USD,130000,US,0,US,M
2024,SE,FT,Applied Scientist,222200,USD,222200,US,0,US,L
2024,SE,FT,Applied Scientist,136000,USD,136000,US,0,US,L
2024,MI,FT,Data Manager,128000,USD,128000,US,0,US,M
2024,MI,FT,Data Manager,81500,USD,81500,US,0,US,M
2024,SE,FT,Data Architect,93838,USD,93838,US,0,US,M
2024,SE,FT,Data Architect,69535,USD,69535,US,0,US,M
2024,EN,FT,Data Analyst,75000,USD,75000,US,0,US,M
2024,EN,FT,Data Analyst,65000,USD,65000,US,0,US,M
2024,MI,FT,Data Operations Manager,150000,USD,150000,US,0,US,M
2024,MI,FT,Data Operations Manager,125000,USD,125000,US,0,US,M
2024,MI,FT,Research Scientist,260570,USD,260570,US,0,US,M
2024,MI,FT,Research Scientist,167030,USD,167030,US,0,US,M
2024,EN,FT,Data Engineer,120000,USD,120000,US,0,US,M
2024,EN,FT,Data Engineer,100000,USD,100000,US,0,US,M
2024,SE,FT,Data Engineer,190000,USD,190000,US,100,US,M
2024,SE,FT,Data Engineer,155000,USD,155000,US,100,US,M
2024,SE,FT,Data Analyst,174000,USD,174000,US,100,US,M
2024,SE,FT,Data Analyst,116000,USD,116000,US,100,US,M
2024,MI,FT,Data Analyst,100000,USD,100000,US,0,US,M
2024,MI,FT,Data Analyst,80000,USD,80000,US,0,US,M
2024,MI,FT,Data Analyst,145000,USD,145000,US,0,US,M
2024,MI,FT,Data Analyst,95000,USD,95000,US,0,US,M
2024,MI,FT,Data Scientist,120000,USD,120000,AU,0,AU,S
2024,MI,FT,Data Scientist,70000,USD,70000,AU,0,AU,S
2024,MI,CT,Data Scientist,130000,USD,130000,US,0,US,M
2024,MI,CT,Data Scientist,110000,USD,110000,US,0,US,M
2024,MI,FT,Data Science Manager,240000,USD,240000,US,0,US,M
2024,MI,FT,Data Science Manager,180000,USD,180000,US,0,US,M
2024,SE,FT,Business Intelligence Engineer,202800,USD,202800,US,0,US,M
2024,SE,FT,Business Intelligence Engineer,115000,USD,115000,US,0,US,M
2024,SE,FT,Data Architect,80000,GBP,100000,GB,0,GB,M
2024,SE,FT,Data Architect,45000,GBP,56250,GB,0,GB,M
2024,SE,FT,Data Analyst,90000,CAD,69230,CA,0,CA,M
2024,SE,FT,Data Analyst,75000,CAD,57692,CA,0,CA,M
2024,MI,FT,Data Analyst,112300,USD,112300,US,0,US,M
2024,MI,FT,Data Analyst,75100,USD,75100,US,0,US,M
2024,MI,FT,Business Intelligence,178200,USD,178200,US,0,US,M
2024,MI,FT,Business Intelligence,87000,USD,87000,US,0,US,M
2024,SE,FT,Data Scientist,138000,USD,138000,CA,0,CA,M
2024,SE,FT,Data Scientist,72000,USD,72000,CA,0,CA,M
2024,MI,FT,ML Engineer,252000,USD,252000,US,0,US,M
2024,MI,FT,ML Engineer,168000,USD,168000,US,0,US,M
2024,SE,FT,Data Modeler,140000,USD,140000,US,100,US,M
2024,SE,FT,Data Modeler,130000,USD,130000,US,100,US,M
2024,SE,FT,Machine Learning Engineer,190000,USD,190000,US,0,US,M
2024,SE,FT,Machine Learning Engineer,100000,USD,100000,US,0,US,M
2024,MI,FT,Data Scientist,150650,USD,150650,US,0,US,M
2024,MI,FT,Data Scientist,106700,USD,106700,US,0,US,M
2024,SE,FT,Data Scientist,192300,USD,192300,US,0,US,M
2024,SE,FT,Data Scientist,107900,USD,107900,US,0,US,M
2024,MI,FT,Data Integration Specialist,115000,USD,115000,US,100,US,M
2024,MI,FT,Data Integration Specialist,95500,USD,95500,US,100,US,M
2024,MI,FT,Research Scientist,195000,USD,195000,US,100,US,M
2024,MI,FT,Research Scientist,160000,USD,160000,US,100,US,M
2024,SE,FT,Data Scientist,257600,USD,257600,US,0,US,M
2024,SE,FT,Data Scientist,146000,USD,146000,US,0,US,M
2024,EN,FT,Data Analyst,90000,USD,90000,CA,0,CA,M
2024,EN,FT,Data Analyst,70000,USD,70000,CA,0,CA,M
2024,SE,FT,Machine Learning Engineer,110000,EUR,122222,NL,100,NL,S
2024,SE,FT,Machine Learning Engineer,70000,EUR,77777,NL,100,NL,S
2024,SE,FT,Data Engineer,158200,USD,158200,US,0,US,M
2024,SE,FT,Data Engineer,74100,USD,74100,US,0,US,M
2024,SE,FT,Data Engineer,231400,USD,231400,US,0,US,M
2024,SE,FT,Data Engineer,170955,USD,170955,US,0,US,M
2024,MI,FT,Data Engineer,137000,USD,137000,US,0,US,M
2024,MI,FT,Data Engineer,60300,USD,60300,US,0,US,M
2024,MI,FT,Data Analyst,101098,USD,101098,US,0,US,M
2024,MI,FT,Data Analyst,59469,USD,59469,US,0,US,M
2024,MI,FT,Data Product Manager,166363,USD,166363,US,0,US,M
2024,MI,FT,Data Product Manager,103977,USD,103977,US,0,US,M
2024,SE,FT,Data Manager,166000,USD,166000,US,0,US,M
2024,SE,FT,Data Manager,104000,USD,104000,US,0,US,M
2024,SE,FT,Research Scientist,170400,USD,170400,US,0,US,M
2024,SE,FT,Research Scientist,123800,USD,123800,US,0,US,M
2024,MI,FT,Data Visualization Specialist,94763,USD,94763,US,100,US,M
2024,MI,FT,Data Visualization Specialist,67750,USD,67750,US,100,US,M
2024,SE,FT,Machine Learning Engineer,251250,USD,251250,US,0,US,M
2024,SE,FT,Machine Learning Engineer,120750,USD,120750,US,0,US,M
2024,MI,FT,Data Analyst,30000,EUR,33333,LT,0,LT,M
2024,MI,FT,Data Analyst,25800,EUR,28666,LT,0,LT,M
2024,SE,FT,Data Scientist,189615,USD,189615,US,0,US,M
2024,SE,FT,Data Scientist,150385,USD,150385,US,0,US,M
2024,SE,FT,Data Science,283800,USD,283800,US,0,US,M
2024,SE,FT,Data Science,234700,USD,234700,US,0,US,M
2024,MI,FT,Data Scientist,109000,USD,109000,US,100,US,M
2024,MI,FT,Data Scientist,93000,USD,93000,US,100,US,M
2024,MI,FT,Data Scientist,164000,USD,164000,US,0,US,M
2024,MI,FT,Data Scientist,131000,USD,131000,US,0,US,M
2024,MI,FT,Data Specialist,45607,GBP,57008,GB,0,GB,M
2024,MI,FT,Data Specialist,30921,GBP,38651,GB,0,GB,M
2024,MI,FT,Data Analyst,55000,GBP,68750,GB,100,GB,M
2024,MI,FT,Data Analyst,45000,GBP,56250,GB,100,GB,M
2024,SE,FT,Business Intelligence Lead,144300,USD,144300,US,0,US,M
2024,SE,FT,Business Intelligence Lead,104800,USD,104800,US,0,US,M
2024,SE,FT,Data Engineer,212750,USD,212750,US,0,US,M
2024,SE,FT,Data Engineer,157250,USD,157250,US,0,US,M
2024,EN,FT,Data Analyst,150000,USD,150000,US,100,US,M
2024,EN,FT,Data Analyst,129200,USD,129200,US,100,US,M
2024,SE,FT,Machine Learning Engineer,265000,USD,265000,US,0,US,M
2024,SE,FT,Machine Learning Engineer,170000,USD,170000,US,0,US,M
2024,SE,FT,Data Scientist,190000,USD,190000,US,100,US,M
2024,SE,FT,Data Scientist,155000,USD,155000,US,100,US,M
2024,SE,FT,Data Engineer,165000,USD,165000,US,100,US,M
2024,SE,FT,Data Engineer,100000,USD,100000,US,100,US,M
2024,MI,FT,Data Engineer,213900,USD,213900,US,100,US,M
2024,MI,FT,Data Engineer,126500,USD,126500,US,100,US,M
2024,SE,FT,Research Analyst,130000,USD,130000,US,0,US,M
2024,SE,FT,Research Analyst,104000,USD,104000,US,0,US,M
2024,SE,FT,Machine Learning Engineer,225000,USD,225000,US,100,US,M
2024,SE,FT,Machine Learning Engineer,66000,USD,66000,US,100,US,M
2024,SE,FT,ML Engineer,220000,USD,220000,US,0,US,M
2024,MI,FT,Business Intelligence Analyst,110000,USD,110000,US,0,US,M
2024,MI,FT,Business Intelligence Analyst,85000,USD,85000,US,0,US,M
2024,SE,FT,Machine Learning Engineer,282000,USD,282000,US,100,US,M
2024,SE,FT,Machine Learning Engineer,188000,USD,188000,US,100,US,M
2024,EX,FT,Data Science,219650,USD,219650,US,100,US,M
2024,EX,FT,Data Science,136000,USD,136000,US,100,US,M
2024,SE,FT,Data Science,210850,USD,210850,US,0,US,M
2024,SE,FT,Data Science,145400,USD,145400,US,0,US,M
2024,MI,FT,Data Analyst,143800,USD,143800,US,100,US,M
2024,MI,FT,Data Analyst,106300,USD,106300,US,100,US,M
2024,MI,FT,AI Engineer,150000,USD,150000,US,100,US,M
2024,MI,FT,AI Engineer,90200,USD,90200,US,100,US,M
2024,MI,FT,Data Engineer,140000,USD,140000,US,0,US,M
2024,MI,FT,Data Engineer,110000,USD,110000,US,0,US,M
2024,SE,FT,Data Analyst,140000,USD,140000,US,100,US,M
2024,SE,FT,Data Analyst,120000,USD,120000,US,100,US,M
2024,EN,PT,AI Software Engineer,800000,DKK,117647,DK,0,DK,S
2024,MI,PT,Research Scientist,138000,USD,138000,US,0,US,M
2024,MI,PT,Research Scientist,86000,USD,86000,US,0,US,M
2024,MI,FT,Data Scientist,199700,USD,199700,US,0,US,M
2024,MI,FT,Data Scientist,70800,USD,70800,US,0,US,M
2024,SE,FT,Research Analyst,175000,USD,175000,US,0,US,M
2024,SE,FT,Research Analyst,130000,USD,130000,US,0,US,M
2024,SE,FT,Data Architect,169847,USD,169847,US,100,US,M
2024,SE,FT,Data Architect,131631,USD,131631,US,100,US,M
2024,SE,FT,Machine Learning Scientist,277000,USD,277000,US,0,US,M
2024,SE,FT,Machine Learning Scientist,173000,USD,173000,US,0,US,M
2024,SE,FT,Machine Learning Engineer,264500,USD,264500,US,100,US,M
2024,SE,FT,Machine Learning Engineer,165600,USD,165600,US,100,US,M
2024,SE,FT,Business Intelligence,194000,USD,194000,US,100,US,M
2024,SE,FT,Business Intelligence,168000,USD,168000,US,100,US,M
2024,MI,FT,Data Engineer,90000,USD,90000,US,0,US,M
2024,MI,FT,Data Engineer,70000,USD,70000,US,0,US,M
2024,EN,FT,Data Scientist,137000,USD,137000,US,0,US,M
2024,EN,FT,Data Scientist,60400,USD,60400,US,0,US,M
2024,EX,FT,Data Science,197689,USD,197689,US,0,US,M
2024,EX,FT,Data Science,152311,USD,152311,US,0,US,M
2024,EX,FT,Research Analyst,209500,USD,209500,US,0,US,M
2024,EX,FT,Research Analyst,147500,USD,147500,US,0,US,M
2024,SE,FT,Data Engineer,170000,USD,170000,US,100,US,M
2024,SE,FT,Data Engineer,146000,USD,146000,US,100,US,M
2024,SE,FT,Machine Learning Engineer,220600,USD,220600,US,0,US,M
2024,SE,FT,Machine Learning Engineer,140100,USD,140100,US,0,US,M
2024,SE,FT,AI Engineer,236872,USD,236872,US,0,US,M
2024,SE,FT,AI Engineer,148045,USD,148045,US,0,US,M
2024,MI,FT,Data Science Engineer,143896,USD,143896,US,0,US,M
2024,MI,FT,Data Science Engineer,99208,USD,99208,US,0,US,M
2024,SE,FT,Applied Scientist,250000,USD,250000,US,0,US,M
2024,SE,FT,Applied Scientist,160000,USD,160000,US,0,US,M
2024,SE,FT,ML Engineer,200000,USD,200000,US,0,US,M
2024,SE,FT,ML Engineer,25000,USD,25000,US,0,US,M
2024,SE,FT,Data Engineer,137500,USD,137500,US,0,US,M
2024,SE,FT,Data Engineer,81500,USD,81500,US,0,US,M
2024,EX,FT,Data Science,209700,USD,209700,US,0,US,M
2024,EX,FT,Data Science,161300,USD,161300,US,0,US,M
2024,SE,FT,Data Scientist,249000,USD,249000,US,0,US,M
2024,SE,FT,Data Scientist,216000,USD,216000,US,0,US,M
2024,SE,FT,Data Engineer,170040,USD,170040,US,0,US,M
2024,SE,FT,Data Engineer,113360,USD,113360,US,0,US,M
2024,MI,FT,Machine Learning Operations Engineer,178250,USD,178250,US,0,US,M
2024,MI,FT,Machine Learning Operations Engineer,110500,USD,110500,US,0,US,M
2024,EN,FT,Data Analyst,83300,USD,83300,US,0,US,M
2024,EN,FT,Data Analyst,47500,USD,47500,US,0,US,M
2024,SE,FT,Data Scientist,200000,USD,200000,US,100,US,M
2024,SE,FT,Data Scientist,148500,USD,148500,US,100,US,M
2024,SE,FT,Data Architect,138000,USD,138000,US,0,US,M
2024,SE,FT,Data Architect,120000,USD,120000,US,0,US,M
2024,SE,FT,Research Scientist,250000,USD,250000,US,0,US,M
2024,SE,FT,Research Scientist,200000,USD,200000,US,0,US,M
2024,SE,FT,Data Engineer,110000,USD,110000,US,100,US,M
2024,SE,FT,Data Engineer,90000,USD,90000,US,100,US,M
2024,MI,FT,Data Engineer,142000,USD,142000,US,100,US,M
2024,MI,FT,Data Engineer,129500,USD,129500,US,100,US,M
2024,MI,FT,Data Product Manager,210554,USD,210554,US,0,US,M
2024,MI,FT,Data Product Manager,131596,USD,131596,US,0,US,M
2024,SE,FT,Data Engineer,170000,USD,170000,US,0,US,M
2024,SE,FT,Data Engineer,130000,USD,130000,US,0,US,M
2024,SE,FT,Data Engineer,159550,USD,159550,US,0,US,M
2024,SE,FT,Data Engineer,113000,USD,113000,US,0,US,M
2024,MI,FT,Data Engineer,135000,USD,135000,US,0,US,M
2024,MI,FT,Data Engineer,100000,USD,100000,US,0,US,M
2024,MI,FT,Machine Learning Engineer,245400,USD,245400,US,0,US,M
2024,MI,FT,Machine Learning Engineer,139000,USD,139000,US,0,US,M
2024,SE,FT,Data Engineer,190000,USD,190000,US,0,US,M
2024,SE,FT,Data Engineer,167000,USD,167000,US,0,US,M
2024,SE,FT,Machine Learning Engineer,304000,USD,304000,US,0,US,M
2024,SE,FT,Machine Learning Engineer,244000,USD,244000,US,0,US,M
2024,EN,FT,Data Analyst,50000,GBP,62500,US,0,US,M
2024,EN,FT,Data Analyst,44000,GBP,55000,US,0,US,M
2024,SE,FT,Data Scientist,247600,USD,247600,US,0,US,L
2024,SE,FT,Data Scientist,127300,USD,127300,US,0,US,L
2024,SE,FT,Data Science,210000,USD,210000,US,0,US,M
2024,SE,FT,Data Science,170000,USD,170000,US,0,US,M
2024,MI,FT,Applied Scientist,222200,USD,222200,US,0,US,L
2024,MI,FT,Applied Scientist,136000,USD,136000,US,0,US,L
2024,MI,FT,Research Analyst,200000,USD,200000,US,100,US,M
2024,MI,FT,Research Analyst,151300,USD,151300,US,100,US,M
2024,MI,FT,Data Scientist,110000,USD,110000,US,100,US,M
2024,MI,FT,Data Scientist,90000,USD,90000,US,100,US,M
2024,EN,FT,Data Analyst,156000,USD,156000,US,0,US,M
2024,EN,FT,Data Analyst,94000,USD,94000,US,0,US,M
2024,MI,FT,Research Scientist,212800,USD,212800,US,0,US,L
2024,MI,FT,Research Scientist,124100,USD,124100,US,0,US,L
2024,MI,FT,Analytics Engineer,195000,USD,195000,US,0,US,M
2024,MI,FT,Analytics Engineer,140000,USD,140000,US,0,US,M
2024,SE,FT,Data Management Analyst,199068,USD,199068,US,0,US,M
2024,SE,FT,Data Management Analyst,150000,USD,150000,US,0,US,M
2024,EX,FT,Data Science,250900,USD,250900,US,0,US,M
2024,EX,FT,Data Science,173100,USD,173100,US,0,US,M
2024,MI,FT,Data Analyst,95000,USD,95000,US,0,US,M
2024,MI,FT,Data Analyst,80000,USD,80000,US,0,US,M
2024,EN,FT,Data Scientist,60000,EUR,66666,FR,0,FR,M
2024,EN,FT,Data Scientist,40000,EUR,44444,FR,0,FR,M
2024,SE,FT,Data Engineer,138000,USD,138000,US,0,US,M
2024,SE,FT,Data Engineer,86000,USD,86000,US,0,US,M
2024,SE,FT,AI Engineer,186754,USD,186754,US,0,US,M
2024,SE,FT,AI Engineer,101000,USD,101000,US,0,US,M
2024,SE,FT,Data Scientist,234000,USD,234000,US,0,US,M
2024,SE,FT,Data Scientist,146000,USD,146000,US,0,US,M
2024,MI,FT,Research Scientist,96200,USD,96200,US,100,US,M
2024,MI,FT,Research Scientist,69800,USD,69800,US,100,US,M
2024,SE,FT,Encounter Data Management Professional,96200,USD,96200,US,100,US,M
2024,SE,FT,Encounter Data Management Professional,69800,USD,69800,US,100,US,M
2024,SE,FT,Business Intelligence,170000,USD,170000,US,0,US,M
2024,SE,FT,Business Intelligence,150000,USD,150000,US,0,US,M
2024,MI,FT,Data Engineer,157500,USD,157500,US,0,US,M
2024,MI,FT,Data Engineer,149900,USD,149900,US,0,US,M
2024,SE,FT,Data Analyst,169000,USD,169000,US,0,US,M
2024,SE,FT,Data Analyst,105000,USD,105000,US,0,US,M
2024,SE,FT,Data Engineer,148017,USD,148017,US,100,US,M
2024,SE,FT,Data Engineer,87069,USD,87069,US,100,US,M
2024,MI,FT,Data Specialist,106336,USD,106336,CA,0,CA,M
2024,MI,FT,Data Specialist,83150,USD,83150,CA,0,CA,M
2024,MI,FT,Data Analytics Specialist,130000,USD,130000,US,100,US,M
2024,MI,FT,Data Analytics Specialist,91000,USD,91000,US,100,US,M
2024,SE,FT,Data Analyst,149925,USD,149925,US,0,US,M
2024,SE,FT,Data Analyst,91260,USD,91260,US,0,US,M
2024,SE,FT,ML Engineer,185000,USD,185000,US,0,US,M
2024,SE,FT,ML Engineer,25000,USD,25000,US,0,US,M
2024,SE,FT,Data Scientist,155000,USD,155000,US,100,US,M
2024,SE,FT,Data Scientist,120000,USD,120000,US,100,US,M
2024,SE,FT,ML Engineer,209700,USD,209700,US,0,US,M
2024,SE,FT,ML Engineer,144600,USD,144600,US,0,US,M
2024,SE,FT,Data Architect,175000,USD,175000,US,0,US,M
2024,SE,FT,Data Architect,117000,USD,117000,US,0,US,M
2024,MI,FT,Data Analyst,77280,USD,77280,US,0,US,M
2024,MI,FT,Data Analyst,58000,USD,58000,US,0,US,M
2024,SE,FT,Data Engineer,170200,USD,170200,US,100,US,M
2024,SE,FT,Data Engineer,125800,USD,125800,US,100,US,M
2024,SE,FT,Data Architect,202730,USD,202730,US,100,US,M
2024,SE,FT,Data Architect,92118,USD,92118,US,100,US,M
2024,MI,FT,Data Analyst,125000,USD,125000,US,100,US,M
2024,MI,FT,Data Analyst,100000,USD,100000,US,100,US,M
2024,SE,FT,Applied Scientist,200000,USD,200000,US,100,US,M
2024,SE,FT,Applied Scientist,160000,USD,160000,US,100,US,M
2024,MI,FT,Data Scientist,157144,USD,157144,US,0,US,M
2024,MI,FT,Data Scientist,93101,USD,93101,US,0,US,M
2024,SE,FT,Data Scientist,209000,CAD,160769,CA,0,CA,M
2024,SE,FT,Data Scientist,150000,CAD,115384,CA,0,CA,M
2024,SE,FT,Applied Scientist,260000,USD,260000,US,0,US,L
2024,SE,FT,Applied Scientist,136000,USD,136000,US,0,US,L
2024,SE,FT,Machine Learning Engineer,189000,USD,189000,US,0,US,M
2024,SE,FT,Machine Learning Engineer,145400,USD,145400,US,0,US,M
2024,SE,FT,Data Architect,200070,USD,200070,CA,0,CA,M
2024,SE,FT,Data Architect,107730,USD,107730,CA,0,CA,M
2024,SE,FT,Data Engineer,154000,USD,154000,US,0,US,M
2024,SE,FT,Data Engineer,103000,USD,103000,US,0,US,M
2024,EX,FT,Head of Data,223000,USD,223000,US,0,US,M
2024,EX,FT,Head of Data,205000,USD,205000,US,0,US,M
2024,SE,FT,Data Analyst,209000,USD,209000,US,0,US,M
2024,SE,FT,Data Analyst,120000,USD,120000,US,0,US,M
2024,MI,FT,Machine Learning Engineer,200000,USD,200000,CA,0,CA,M
2024,MI,FT,Machine Learning Engineer,160000,USD,160000,CA,0,CA,M
2024,MI,FT,Data Scientist,110000,USD,110000,US,100,US,M
2024,MI,FT,Data Scientist,90000,USD,90000,US,100,US,M
2024,SE,FT,Data Scientist,252000,USD,252000,US,0,US,M
2024,SE,FT,Data Scientist,168000,USD,168000,US,0,US,M
2024,MI,FT,Applied Scientist,222200,USD,222200,US,0,US,L
2024,MI,FT,Applied Scientist,136000,USD,136000,US,0,US,L
2024,SE,FT,Data Analytics Lead,250000,USD,250000,US,100,US,M
2024,SE,FT,Data Scientist,385000,USD,385000,US,100,US,M
2024,SE,FT,Data Scientist,130000,USD,130000,US,100,US,M
2024,MI,FT,Data Scientist,150000,USD,150000,US,0,US,M
2024,MI,FT,Data Scientist,127500,USD,127500,US,0,US,M
2024,EN,FT,Business Intelligence Analyst,142136,USD,142136,US,0,US,M
2024,EN,FT,Business Intelligence Analyst,123596,USD,123596,US,0,US,M
2024,MI,FT,Data Scientist,285200,USD,285200,US,100,US,M
2024,MI,FT,Data Scientist,168600,USD,168600,US,100,US,M
2024,SE,FT,Data Scientist,223500,USD,223500,US,0,US,M
2024,SE,FT,Data Scientist,109100,USD,109100,US,0,US,M
2024,EN,FT,Data Analyst,64500,USD,64500,US,0,US,M
2024,EN,FT,Data Analyst,46500,USD,46500,US,0,US,M
2024,SE,FT,Data Engineer,180500,USD,180500,US,0,US,M
2024,SE,FT,Data Engineer,96200,USD,96200,US,0,US,M
2024,MI,FT,Data Analyst,86940,USD,86940,US,0,US,M
2024,MI,FT,Data Analyst,66000,USD,66000,US,0,US,M
2024,MI,FT,Data Analyst,77280,USD,77280,US,0,US,M
2024,MI,FT,Data Analyst,58000,USD,58000,US,0,US,M
2024,SE,FT,Data Specialist,41418,GBP,51772,GB,0,GB,M
2024,SE,FT,Data Specialist,38223,GBP,47778,GB,0,GB,M
2024,SE,FT,Data Manager,166000,USD,166000,US,0,US,M
2024,SE,FT,Data Manager,104000,USD,104000,US,0,US,M
2024,EN,FT,Data Analyst,97000,USD,97000,US,0,US,M
2024,EN,FT,Data Analyst,62000,USD,62000,US,0,US,M
2024,MI,FT,Machine Learning Scientist,176000,USD,176000,US,0,US,M
2024,MI,FT,Machine Learning Scientist,72700,USD,72700,US,0,US,M
2024,MI,FT,Data Science,33966,GBP,42457,ZA,0,ZA,M
2024,MI,FT,Data Science,31396,GBP,39245,ZA,0,ZA,M
2024,EN,FT,Research Scientist,170500,USD,170500,US,100,US,M
2024,EN,FT,Research Scientist,123200,USD,123200,US,100,US,M
2024,SE,FT,Machine Learning Engineer,296400,USD,296400,US,0,US,M
2024,SE,FT,Machine Learning Engineer,159600,USD,159600,US,0,US,M
2024,SE,FT,Applied Scientist,158200,USD,158200,US,0,US,M
2024,SE,FT,Applied Scientist,79000,USD,79000,US,0,US,M
2024,SE,FT,Data Scientist,153000,USD,153000,NZ,0,NZ,M
2024,SE,FT,Data Scientist,135000,USD,135000,NZ,0,NZ,M
2024,MI,FT,Data Scientist,145000,USD,145000,US,0,US,M
2024,MI,FT,Data Scientist,125000,USD,125000,US,0,US,M
2024,EX,FT,Head of Data,230000,USD,230000,US,100,US,M
2024,EX,FT,Head of Data,200000,USD,200000,US,100,US,M
2024,SE,FT,Machine Learning Engineer,278000,USD,278000,US,0,US,M
2024,SE,FT,Machine Learning Engineer,196000,USD,196000,US,0,US,M
2024,SE,FT,Data Engineer,140000,USD,140000,US,100,US,M
2024,SE,FT,Data Engineer,100000,USD,100000,US,100,US,M
2024,MI,FT,Data Scientist,45000,USD,45000,AR,100,AR,M
2024,MI,FT,Data Scientist,30000,USD,30000,AR,100,AR,M
2024,SE,FT,Data Scientist,218000,USD,218000,US,0,US,M
2024,SE,FT,Data Scientist,145000,USD,145000,US,0,US,M
2024,SE,FT,Data Analyst,100000,USD,100000,US,0,US,M
2024,SE,FT,Data Analyst,86220,USD,86220,US,0,US,M
2024,MI,FT,Data Engineer,190000,USD,190000,US,0,US,M
2024,MI,FT,Data Engineer,150000,USD,150000,US,0,US,M
2024,MI,FT,Business Intelligence,110000,USD,110000,US,0,US,M
2024,MI,FT,Business Intelligence,95000,USD,95000,US,0,US,M
2024,SE,FT,Data Science,110000,USD,110000,US,0,US,M
2024,SE,FT,Data Science,90000,USD,90000,US,0,US,M
2024,MI,FT,Data Engineer,140000,USD,140000,US,0,US,M
2024,MI,FT,Data Engineer,110000,USD,110000,US,0,US,M
2024,MI,FT,Data Analyst,80000,USD,80000,US,100,US,M
2024,MI,FT,Data Analyst,50000,USD,50000,US,100,US,M
2024,SE,FT,Data Analyst,180000,USD,180000,US,100,US,M
2024,SE,FT,Data Analyst,130000,USD,130000,US,100,US,M
2024,SE,FT,Data Engineer,200000,USD,200000,US,0,US,M
2024,SE,FT,Data Engineer,147000,USD,147000,US,0,US,M
2024,SE,FT,Data Analyst,148000,USD,148000,US,0,US,M
2024,SE,FT,Data Analyst,125000,USD,125000,US,0,US,M
2024,SE,FT,Data Scientist,150000,USD,150000,US,0,US,M
2024,SE,FT,Data Scientist,110000,USD,110000,US,0,US,M
2024,SE,FT,Data Analyst,245400,USD,245400,US,100,US,M
2024,SE,FT,Data Analyst,135800,USD,135800,US,100,US,M
2024,EX,FT,Business Intelligence,200000,USD,200000,US,0,US,M
2024,EX,FT,Business Intelligence,175000,USD,175000,US,0,US,M
2024,SE,FT,Applied Scientist,249700,USD,249700,US,100,US,M
2024,SE,FT,Applied Scientist,156300,USD,156300,US,100,US,M
2024,SE,FT,Data Architect,190000,USD,190000,US,100,US,M
2024,SE,FT,Data Architect,140000,USD,140000,US,100,US,M
2024,SE,FT,Machine Learning Engineer,370000,USD,370000,US,0,US,M
2024,SE,FT,Machine Learning Engineer,220000,USD,220000,US,0,US,M
2024,EN,FT,Data Engineer,35000,EUR,38888,ES,0,ES,M
2024,EN,FT,Data Engineer,27000,EUR,30000,ES,0,ES,M
2024,SE,FT,Machine Learning Engineer,280000,USD,280000,US,100,US,M
2024,SE,FT,Machine Learning Engineer,184000,USD,184000,US,100,US,M
2024,MI,FT,Data Analyst,174000,USD,174000,US,0,US,M
2024,MI,FT,Data Analyst,132000,USD,132000,US,0,US,M
2024,SE,FT,Analytics Engineer,720000,USD,720000,US,0,US,M
2024,SE,FT,Analytics Engineer,170000,USD,170000,US,0,US,M
2024,SE,FT,Machine Learning Engineer,200000,USD,200000,US,0,US,M
2024,SE,FT,Machine Learning Engineer,160000,USD,160000,US,0,US,M
2024,SE,FT,Data Scientist,150000,USD,150000,US,0,US,M
2024,SE,FT,Data Scientist,111000,USD,111000,US,0,US,M
2024,SE,FT,Machine Learning Engineer,280000,USD,280000,US,100,US,M
2024,SE,FT,Machine Learning Engineer,184000,USD,184000,US,100,US,M
2024,SE,FT,Machine Learning Engineer,302900,USD,302900,US,0,US,M
2024,SE,FT,Machine Learning Engineer,302900,USD,302900,US,0,US,M
2024,MI,FT,Data Engineer,179500,USD,179500,US,0,US,M
2024,MI,FT,Data Engineer,149500,USD,149500,US,0,US,M
2024,SE,FT,Data Architect,238000,USD,238000,US,100,US,M
2024,SE,FT,Data Architect,149000,USD,149000,US,100,US,M
2024,SE,FT,Data Scientist,190000,USD,190000,US,0,US,M
2024,SE,FT,Data Scientist,148000,USD,148000,US,0,US,M
2024,SE,FT,Data Modeler,162225,USD,162225,US,0,US,M
2024,SE,FT,Data Modeler,139050,USD,139050,US,0,US,M
2024,SE,FT,Data Engineer,190000,USD,190000,US,100,US,M
2024,SE,FT,Data Engineer,105301,USD,105301,US,100,US,M
2024,SE,FT,Data Scientist,180000,USD,180000,US,0,US,M
2024,SE,FT,Data Scientist,139000,USD,139000,US,0,US,M
2024,SE,FT,Data Analyst,50000,GBP,62500,GB,0,GB,M
2024,SE,FT,Data Analyst,44000,GBP,55000,GB,0,GB,M
2024,SE,FT,Machine Learning Engineer,252000,USD,252000,US,0,US,M
2024,SE,FT,Machine Learning Engineer,168000,USD,168000,US,0,US,M
2024,MI,FT,Data Engineer,85000,USD,85000,US,0,US,M
2024,MI,FT,Data Engineer,74880,USD,74880,US,0,US,M
2024,SE,FT,Machine Learning Engineer,260000,USD,260000,US,0,US,M
2024,SE,FT,Machine Learning Engineer,160000,USD,160000,US,0,US,M
2024,SE,FT,Data Engineer,190000,USD,190000,US,100,US,M
2024,SE,FT,Data Engineer,150000,USD,150000,US,100,US,M
2024,MI,FT,Research Engineer,234000,USD,234000,US,0,US,M
2024,MI,FT,Research Engineer,176000,USD,176000,US,0,US,M
2024,MI,FT,Data Engineer,125000,USD,125000,US,100,US,M
2024,MI,FT,Data Engineer,100000,USD,100000,US,100,US,M
2024,SE,FT,ML Engineer,155000,USD,155000,US,0,US,M
2024,SE,FT,ML Engineer,100000,USD,100000,US,0,US,M
2024,SE,FT,Data Analyst,170000,USD,170000,CA,100,CA,M
2024,SE,FT,Data Analyst,130000,USD,130000,CA,100,CA,M
2024,MI,FT,Data Engineer,184000,USD,184000,US,0,US,M
2024,MI,FT,Data Engineer,123000,USD,123000,US,0,US,M
2024,SE,FT,Data Modeler,140000,USD,140000,US,100,US,M
2024,SE,FT,Data Modeler,130000,USD,130000,US,100,US,M
2024,MI,FT,Data Scientist,159550,USD,159550,US,0,US,M
2024,MI,FT,Data Scientist,113000,USD,113000,US,0,US,M
2024,SE,FT,Data Scientist,222300,USD,222300,FR,0,FR,M
2024,SE,FT,Data Scientist,119700,USD,119700,FR,0,FR,M
2024,SE,FT,ML Engineer,120000,USD,120000,US,0,US,M
2024,SE,FT,ML Engineer,75000,USD,75000,US,0,US,M
2024,SE,FT,AI Scientist,166000,USD,166000,US,0,US,M
2024,SE,FT,AI Scientist,110781,USD,110781,US,0,US,M
2024,MI,FT,Data Scientist,121500,USD,121500,US,100,US,M
2024,MI,FT,Data Scientist,88200,USD,88200,US,100,US,M
2024,EN,PT,Data Science,63162,USD,63162,US,0,US,M
2024,EN,PT,Data Science,37154,USD,37154,US,0,US,M
2024,SE,FT,Data Scientist,195800,USD,195800,US,0,US,M
2024,SE,FT,Data Scientist,161900,USD,161900,US,0,US,M
2024,SE,FT,Data Analyst,142166,USD,142166,US,0,US,M
2024,SE,FT,Data Analyst,88854,USD,88854,US,0,US,M
2024,EN,FT,Business Intelligence Developer,137000,USD,137000,US,0,US,M
2024,EN,FT,Business Intelligence Developer,60400,USD,60400,US,0,US,M
2024,SE,FT,Data Architect,178090,USD,178090,US,100,US,M
2024,SE,FT,Data Architect,92118,USD,92118,US,100,US,M
2024,EX,FT,Head of Data,257500,USD,257500,US,0,US,M
2024,EX,FT,Head of Data,190000,USD,190000,US,0,US,M
2024,MI,FT,AI Engineer,176000,USD,176000,US,0,US,M
2024,MI,FT,AI Engineer,106500,USD,106500,US,0,US,M
2024,MI,FT,Business Intelligence,125500,USD,125500,US,0,US,M
2024,MI,FT,Business Intelligence,78000,USD,78000,US,0,US,M
2024,SE,FT,Data Engineer,200000,USD,200000,US,100,US,M
2024,SE,FT,Data Engineer,96000,USD,96000,US,100,US,M
2024,EN,FT,Business Intelligence Analyst,192500,USD,192500,US,0,US,M
2024,EN,FT,Business Intelligence Analyst,140000,USD,140000,US,0,US,M
2024,SE,FT,Data Engineer,220000,USD,220000,US,0,US,M
2024,SE,FT,Data Engineer,96600,USD,96600,US,0,US,M
2024,SE,FT,Data Engineer,195500,USD,195500,US,0,US,M
2024,SE,FT,Data Engineer,117300,USD,117300,US,0,US,M
2024,SE,FT,Data Engineer,156000,USD,156000,US,0,US,M
2024,SE,FT,Data Engineer,124000,USD,124000,US,0,US,M
2024,SE,FT,Data Architect,178090,USD,178090,US,0,US,M
2024,SE,FT,Data Architect,81978,USD,81978,US,0,US,M
2024,SE,FT,Data Engineer,142500,USD,142500,US,0,US,M
2024,SE,FT,Data Engineer,90000,USD,90000,US,0,US,M
2024,SE,FT,Data Engineer,171210,USD,171210,CA,0,CA,M
2024,SE,FT,Data Engineer,92190,USD,92190,CA,0,CA,M
2024,SE,FT,Data Architect,59421,GBP,74276,GB,0,GB,M
2024,SE,FT,Data Architect,48350,GBP,60437,GB,0,GB,M
2024,MI,FT,Machine Learning Developer,125000,USD,125000,CA,0,CA,M
2024,MI,FT,Machine Learning Developer,90000,USD,90000,CA,0,CA,M
2024,MI,FT,Data Scientist,176000,USD,176000,US,100,US,M
2024,MI,FT,Data Scientist,72700,USD,72700,US,100,US,M
2024,MI,FT,Data Engineer,132600,USD,132600,US,0,US,M
2024,MI,FT,Data Engineer,80845,USD,80845,US,0,US,M
2024,EX,FT,Data Engineer,250000,USD,250000,US,0,US,M
2024,EX,FT,Data Engineer,150000,USD,150000,US,0,US,M
2024,MI,FT,Data Management Specialist,79000,USD,79000,US,0,US,M
2024,MI,FT,Data Management Specialist,72000,USD,72000,US,0,US,M
2024,SE,FT,Data Scientist,230800,USD,230800,US,100,US,M
2024,SE,FT,Data Scientist,96200,USD,96200,US,100,US,M
2024,EN,FT,Data Scientist,187415,USD,187415,US,0,US,M
2024,EN,FT,Data Scientist,114080,USD,114080,US,0,US,M
2024,EN,FT,Business Intelligence Lead,187415,USD,187415,US,0,US,M
2024,EN,FT,Business Intelligence Lead,114080,USD,114080,US,0,US,M
2024,SE,FT,Data Engineer,277000,USD,277000,US,0,US,M
2024,SE,FT,Data Engineer,173000,USD,173000,US,0,US,M
2024,MI,FT,Data Engineer,175000,USD,175000,US,0,US,M
2024,MI,FT,Data Engineer,117000,USD,117000,US,0,US,M
2024,SE,FT,Data Architect,193000,USD,193000,US,0,US,M
2024,SE,FT,Data Architect,84600,USD,84600,US,0,US,M
2024,SE,FT,AI Engineer,220000,USD,220000,US,0,US,M
2024,SE,FT,AI Engineer,96600,USD,96600,US,0,US,M
2024,SE,FT,Data Analyst,170000,USD,170000,US,0,US,M
2024,SE,FT,Data Analyst,130000,USD,130000,US,0,US,M
2024,MI,FT,Data Scientist,172000,USD,172000,US,0,US,M
2024,MI,FT,Data Scientist,75600,USD,75600,US,0,US,M
2024,SE,FT,Machine Learning Scientist,201000,USD,201000,US,0,US,M
2024,SE,FT,Machine Learning Scientist,125500,USD,125500,US,0,US,M
2024,SE,FT,Business Intelligence Analyst,187000,USD,187000,US,100,US,M
2024,SE,FT,Business Intelligence Analyst,117000,USD,117000,US,100,US,M
2024,EN,FT,Data Analyst,61700,USD,61700,US,0,US,M
2024,EN,FT,Data Analyst,55000,USD,55000,US,0,US,M
2024,MI,FT,Data Engineer,45000,GBP,56250,GB,0,GB,M
2024,MI,FT,Data Engineer,35000,GBP,43750,GB,0,GB,M
2024,SE,FT,Data Science,292300,USD,292300,CA,0,CA,M
2024,SE,FT,Data Science,149700,USD,149700,CA,0,CA,M
2024,SE,FT,Business Intelligence Engineer,165600,USD,165600,US,0,US,L
2024,SE,FT,Business Intelligence Engineer,65800,USD,65800,US,0,US,L
2024,MI,FT,Data Engineer,148000,USD,148000,US,0,US,M
2024,MI,FT,Data Engineer,118000,USD,118000,US,0,US,M
2024,SE,FT,Data Scientist,50000,GBP,62500,GB,0,GB,M
2024,SE,FT,Data Scientist,50000,GBP,62500,GB,0,GB,M
2024,MI,FT,ML Engineer,252000,USD,252000,US,0,US,M
2024,MI,FT,ML Engineer,168000,USD,168000,US,0,US,M
2024,SE,FT,Data Engineer,149076,USD,149076,US,0,US,M
2024,SE,FT,Data Engineer,82365,USD,82365,US,0,US,M
2024,SE,FT,Data Engineer,160000,USD,160000,US,0,US,M
2024,SE,FT,Data Engineer,120000,USD,120000,US,0,US,M
2024,SE,FT,Data Engineer,160000,USD,160000,US,0,US,M
2024,SE,FT,Data Engineer,115000,USD,115000,US,0,US,M
2024,MI,FT,Data Engineer,193000,USD,193000,US,0,US,M
2024,MI,FT,Data Engineer,128000,USD,128000,US,0,US,M
2024,SE,FT,ML Engineer,220000,USD,220000,US,0,US,M
2024,SE,FT,ML Engineer,170000,USD,170000,US,0,US,M
2024,SE,FT,Machine Learning Engineer,189000,USD,189000,US,0,US,M
2024,SE,FT,Machine Learning Engineer,136000,USD,136000,US,0,US,M
2024,MI,FT,Business Intelligence Engineer,185000,USD,185000,US,0,US,L
2024,MI,FT,Business Intelligence Engineer,79600,USD,79600,US,0,US,L
2024,MI,FT,Applied Scientist,210000,USD,210000,US,0,US,M
2024,MI,FT,Applied Scientist,160000,USD,160000,US,0,US,M
2024,EX,FT,Data Science,200000,USD,200000,US,0,US,M
2024,EX,FT,Data Science,160000,USD,160000,US,0,US,M
2024,SE,FT,Machine Learning Engineer,150000,USD,150000,US,0,US,M
2024,SE,FT,Machine Learning Engineer,90000,USD,90000,US,0,US,M
2024,MI,FT,Machine Learning Engineer,208200,USD,208200,US,100,US,M
2024,MI,FT,Machine Learning Engineer,124900,USD,124900,US,100,US,M
2024,SE,FT,Data Engineer,150000,USD,150000,US,0,US,M
2024,SE,FT,Data Engineer,130000,USD,130000,US,0,US,M
2024,SE,FT,Machine Learning Engineer,189000,USD,189000,US,0,US,M
2024,SE,FT,Machine Learning Engineer,160000,USD,160000,US,0,US,M
2024,SE,FT,Data Engineer,255475,USD,255475,US,0,US,M
2024,SE,FT,Data Engineer,185800,USD,185800,US,0,US,M
2024,SE,FT,Data Engineer,220000,USD,220000,US,0,US,M
2024,SE,FT,Data Engineer,170000,USD,170000,US,0,US,M
2024,SE,FT,Machine Learning Engineer,220000,USD,220000,US,0,US,M
2024,SE,FT,Machine Learning Engineer,170000,USD,170000,US,0,US,M
2024,SE,FT,Data Analyst,113800,USD,113800,US,100,US,M
2024,SE,FT,Data Analyst,74400,USD,74400,US,100,US,M
2024,SE,FT,Machine Learning Engineer,260000,USD,260000,US,0,US,M
2024,MI,FT,Data Scientist,180000,USD,180000,US,0,US,M
2024,MI,FT,Data Scientist,140000,USD,140000,US,0,US,M
2024,SE,FT,Business Intelligence Engineer,108500,USD,108500,US,0,US,M
2024,SE,FT,Business Intelligence Engineer,78800,USD,78800,US,0,US,M
2024,SE,FT,Machine Learning Engineer,252000,USD,252000,US,0,US,M
2024,SE,FT,Machine Learning Engineer,181000,USD,181000,US,0,US,M
2024,SE,FT,Data Scientist,301126,USD,301126,US,100,US,M
2024,SE,FT,Data Scientist,210788,USD,210788,US,100,US,M
2024,EN,FT,Data Analyst,20000,USD,20000,KE,100,KE,M
2024,SE,FT,Data Analyst,147500,USD,147500,US,0,US,M
2024,SE,FT,Data Analyst,85000,USD,85000,US,0,US,M
2024,SE,FT,Data Architect,175000,USD,175000,US,0,US,M
2024,SE,FT,Data Architect,117000,USD,117000,US,0,US,M
2024,EN,FT,Data Analyst,102927,USD,102927,AU,0,AU,M
2024,EN,FT,Data Analyst,95010,USD,95010,AU,0,AU,M
2024,EN,FT,Business Intelligence Analyst,157400,USD,157400,US,100,US,M
2024,EN,FT,Business Intelligence Analyst,98600,USD,98600,US,100,US,M
2024,EN,FT,Data Analyst,83000,USD,83000,US,100,US,M
2024,EN,FT,Data Analyst,64000,USD,64000,US,100,US,M
2024,SE,FT,Data Engineer,200000,USD,200000,US,100,US,M
2024,SE,FT,Data Engineer,90000,USD,90000,US,100,US,M
2024,SE,FT,ML Engineer,250000,USD,250000,US,100,US,M
2024,SE,FT,ML Engineer,190000,USD,190000,US,100,US,M
2024,SE,FT,ML Engineer,258750,USD,258750,US,0,US,M
2024,SE,FT,ML Engineer,191250,USD,191250,US,0,US,M
2024,EN,FT,ML Engineer,177100,USD,177100,US,0,US,M
2024,EN,FT,ML Engineer,130900,USD,130900,US,0,US,M
2024,EN,FT,Data Analyst,99200,USD,99200,US,100,US,M
2024,EN,FT,Data Analyst,69400,USD,69400,US,100,US,M
2024,MI,FT,Encounter Data Management Professional,79500,USD,79500,US,100,US,M
2024,MI,FT,Encounter Data Management Professional,57700,USD,57700,US,100,US,M
2024,SE,FT,Data Engineer,179000,USD,179000,US,0,US,M
2024,SE,FT,Data Engineer,112000,USD,112000,US,0,US,M
2024,SE,FT,Machine Learning Engineer,206000,USD,206000,US,0,US,M
2024,SE,FT,Machine Learning Engineer,97335,USD,97335,US,0,US,M
2024,MI,FT,Machine Learning Engineer,223900,USD,223900,US,100,US,M
2024,MI,FT,Machine Learning Engineer,140100,USD,140100,US,100,US,M
2024,SE,FT,Data Architect,75000,GBP,93750,GB,0,GB,M
2024,SE,FT,Data Architect,65000,GBP,81250,GB,0,GB,M
2024,SE,FT,Data Manager,144300,USD,144300,US,100,US,M
2024,SE,FT,Data Manager,104800,USD,104800,US,100,US,M
2024,MI,FT,Business Intelligence,168000,USD,168000,US,100,US,L
2024,MI,FT,Business Intelligence,78400,USD,78400,US,100,US,L
2024,SE,FT,Data Analyst,207300,USD,207300,US,0,US,M
2024,SE,FT,Data Analyst,114700,USD,114700,US,0,US,M
2024,SE,FT,Data Scientist,265000,USD,265000,US,100,US,M
2024,SE,FT,Data Scientist,220000,USD,220000,US,100,US,M
2024,SE,FT,Business Intelligence Analyst,120000,USD,120000,US,0,US,M
2024,SE,FT,Business Intelligence Analyst,100000,USD,100000,US,0,US,M
2024,SE,FT,Machine Learning Engineer,306000,USD,306000,US,0,US,M
2024,SE,FT,Machine Learning Engineer,151600,USD,151600,US,0,US,M
2024,EX,FT,Data Science,300000,USD,300000,US,100,US,M
2024,EX,FT,Data Science,220000,USD,220000,US,100,US,M
2024,SE,FT,Data Scientist,167500,USD,167500,US,0,US,M
2024,SE,FT,Data Scientist,138500,USD,138500,US,0,US,M
2024,MI,FT,Data Scientist,194000,USD,194000,US,0,US,M
2024,MI,FT,Data Scientist,125500,USD,125500,US,0,US,M
2024,SE,FT,Analytics Engineer,95000,GBP,118750,GB,0,GB,M
2024,SE,FT,Analytics Engineer,60000,GBP,75000,GB,0,GB,M
2024,SE,FT,Data Engineer,194500,USD,194500,US,0,US,M
2024,SE,FT,Data Engineer,147368,USD,147368,US,0,US,M
2024,MI,FT,Data Engineer,165000,USD,165000,US,0,US,M
2024,MI,FT,Data Engineer,117000,USD,117000,US,0,US,M
2024,SE,FT,Data Analyst,170000,USD,170000,US,0,US,M
2024,SE,FT,Data Analyst,148000,USD,148000,US,0,US,M
2024,SE,FT,Data Manager,160500,USD,160500,US,100,US,M
2024,SE,FT,Data Manager,107000,USD,107000,US,100,US,M
2024,SE,FT,Analytics Engineer,500000,USD,500000,US,0,US,M
2024,SE,FT,Analytics Engineer,80000,USD,80000,US,0,US,M
2024,MI,FT,Data Infrastructure Engineer,241000,USD,241000,US,0,US,M
2024,MI,FT,Data Infrastructure Engineer,189000,USD,189000,US,0,US,M
2024,SE,FT,Data Scientist,167500,USD,167500,US,0,US,M
2024,SE,FT,Data Scientist,138500,USD,138500,US,0,US,M
2024,SE,FT,Research Scientist,200000,USD,200000,US,100,US,M
2024,SE,FT,Research Scientist,148500,USD,148500,US,100,US,M
2024,SE,FT,Research Engineer,273000,USD,273000,US,0,US,M
2024,SE,FT,Research Engineer,166500,USD,166500,US,0,US,M
2024,SE,FT,Data Analyst,106260,USD,106260,US,0,US,M
2024,SE,FT,Data Analyst,82000,USD,82000,US,0,US,M
2024,MI,FT,Business Intelligence Analyst,115000,USD,115000,US,100,US,M
2024,MI,FT,Business Intelligence Analyst,100000,USD,100000,US,100,US,M
2024,MI,FT,Data Scientist,105000,USD,105000,US,0,US,M
2024,MI,FT,Data Scientist,90000,USD,90000,US,0,US,M
2024,SE,FT,Data Scientist,170000,USD,170000,US,0,US,M
2024,SE,FT,Data Scientist,140000,USD,140000,US,0,US,M
2024,MI,FT,Data Scientist,170000,USD,170000,US,0,US,M
2024,MI,FT,Data Scientist,145000,USD,145000,US,0,US,M
2024,SE,FT,Data Engineer,233000,USD,233000,US,0,US,M
2024,SE,FT,Data Engineer,140000,USD,140000,US,0,US,M
2024,SE,FT,Data Analyst,202800,USD,202800,US,0,US,M
2024,SE,FT,Data Analyst,108200,USD,108200,US,0,US,M
2024,EX,FT,Head of Data,190000,USD,190000,US,0,US,M
2024,EX,FT,Head of Data,150000,USD,150000,US,0,US,M
2024,SE,FT,Data Scientist,214872,USD,214872,US,100,US,M
2024,SE,FT,Data Scientist,186846,USD,186846,US,100,US,M
2024,EN,FT,Data Scientist,35000,GBP,43750,GB,0,GB,M
2024,EN,FT,Data Scientist,30000,GBP,37500,GB,0,GB,M
2024,SE,FT,Data Engineer,145360,USD,145360,US,100,US,M
2024,SE,FT,Data Engineer,107440,USD,107440,US,100,US,M
2024,SE,FT,Applied Scientist,212800,USD,212800,US,0,US,L
2024,SE,FT,Applied Scientist,115100,USD,115100,US,0,US,L
2024,SE,FT,AI Software Engineer,174000,USD,174000,US,0,US,M
2024,SE,FT,AI Software Engineer,116000,USD,116000,US,0,US,M
2024,MI,FT,Data Engineer,181700,USD,181700,US,0,US,M
2024,MI,FT,Data Engineer,64300,USD,64300,US,0,US,M
2024,EN,FT,Data Analyst,26800,GBP,33500,GB,0,GB,M
2024,EN,FT,Data Analyst,26800,GBP,33500,GB,0,GB,M
2024,MI,FT,Data Engineer,185000,USD,185000,US,0,US,L
2024,MI,FT,Data Engineer,81000,USD,81000,US,0,US,L
2024,SE,FT,Encounter Data Management Professional,96200,USD,96200,US,0,US,M
2024,SE,FT,Encounter Data Management Professional,69800,USD,69800,US,0,US,M
2024,EN,FT,Data Analyst,77280,USD,77280,US,0,US,M
2024,EN,FT,Data Analyst,58000,USD,58000,US,0,US,M
2024,EN,FT,Data Scientist,26800,GBP,33500,GB,0,GB,M
2024,EN,FT,Data Scientist,26800,GBP,33500,GB,0,GB,M
2024,SE,FT,Research Scientist,178200,USD,178200,US,0,US,M
2024,SE,FT,Research Scientist,74800,USD,74800,US,0,US,M
2024,EN,FT,Business Intelligence Analyst,164500,USD,164500,US,0,US,M
2024,EN,FT,Business Intelligence Analyst,67200,USD,67200,US,0,US,M
2024,SE,FT,Data Architect,165000,USD,165000,US,0,US,M
2024,SE,FT,Data Architect,117000,USD,117000,US,0,US,M
2024,EN,FT,Data Engineer,185000,USD,185000,US,0,US,L
2024,EN,FT,Data Engineer,81000,USD,81000,US,0,US,L
2024,MI,FT,Data Science,287800,USD,287800,US,0,US,M
2024,MI,FT,Data Science,287800,USD,287800,US,0,US,M
2024,SE,FT,Data Scientist,150000,USD,150000,US,0,US,M
2024,SE,FT,Data Scientist,110000,USD,110000,US,0,US,M
2024,MI,FT,Research Engineer,250000,USD,250000,US,0,US,M
2024,MI,FT,Research Engineer,200000,USD,200000,US,0,US,M
2024,SE,FT,Machine Learning Engineer,200000,USD,200000,US,0,US,M
2024,SE,FT,Machine Learning Engineer,160000,USD,160000,US,0,US,M
2024,MI,FT,Data Scientist,172000,USD,172000,US,0,US,M
2024,MI,FT,Data Scientist,75600,USD,75600,US,0,US,M
2024,EN,PT,Data Scientist,291340,USD,291340,US,0,US,M
2024,EN,PT,Data Scientist,194240,USD,194240,US,0,US,M
2024,MI,FT,Applied Scientist,191070,USD,191070,US,0,US,M
2024,MI,FT,Applied Scientist,135900,USD,135900,US,0,US,M
2024,MI,FT,BI Developer,38000,GBP,47500,GB,0,GB,M
2024,MI,FT,BI Developer,35000,GBP,43750,GB,0,GB,M
2024,SE,FT,Research Engineer,282000,USD,282000,US,0,US,M
2024,SE,FT,Research Engineer,171000,USD,171000,US,0,US,M
2024,SE,FT,Applied Scientist,260000,USD,260000,US,0,US,L
2024,SE,FT,Applied Scientist,136000,USD,136000,US,0,US,L
2024,MI,FT,Data Engineer,152800,USD,152800,US,0,US,M
2024,MI,FT,Data Engineer,149282,USD,149282,US,0,US,M
2024,SE,FT,Machine Learning Engineer,264500,USD,264500,US,100,US,M
2024,SE,FT,Machine Learning Engineer,165600,USD,165600,US,100,US,M
2024,MI,FT,Data Scientist,228000,USD,228000,US,0,US,M
2024,MI,FT,Data Scientist,134000,USD,134000,US,0,US,M
2024,SE,FT,Data Engineer,78000,EUR,86666,LV,0,LV,M
2024,SE,FT,Data Engineer,54000,EUR,60000,LV,0,LV,M
2024,SE,FT,Applied Scientist,199500,USD,199500,US,0,US,M
2024,SE,FT,Applied Scientist,97400,USD,97400,US,0,US,M
2024,SE,FT,Data Engineer,155000,USD,155000,US,0,US,M
2024,SE,FT,Data Engineer,139500,USD,139500,US,0,US,M
2024,MI,FT,Data Engineer,140000,USD,140000,US,0,US,M
2024,MI,FT,Data Engineer,100000,USD,100000,US,0,US,M
2024,SE,FT,Data Engineer,205000,USD,205000,US,100,US,M
2024,SE,FT,Data Engineer,155000,USD,155000,US,100,US,M
2024,EN,FT,Data Analyst,110000,USD,110000,US,100,US,M
2024,EN,FT,Data Analyst,90000,USD,90000,US,100,US,M
2024,EN,FT,Data Analyst,83300,USD,83300,US,0,US,M
2024,EN,FT,Data Analyst,47500,USD,47500,US,0,US,M
2024,SE,FT,Data Scientist,208500,USD,208500,US,0,US,M
2024,SE,FT,Data Scientist,174000,USD,174000,US,0,US,M
2024,SE,FT,Data Engineer,170000,USD,170000,US,0,US,M
2024,SE,FT,Data Engineer,130000,USD,130000,US,0,US,M
2024,MI,FT,Data Science Manager,240000,USD,240000,US,0,US,M
2024,MI,FT,Data Science Manager,180000,USD,180000,US,0,US,M
2024,MI,FT,Data Engineer,90000,USD,90000,US,0,US,M
2024,MI,FT,Data Engineer,70000,USD,70000,US,0,US,M
2024,SE,FT,Business Intelligence Analyst,138000,USD,138000,US,0,US,M
2024,SE,FT,Business Intelligence Analyst,110400,USD,110400,US,0,US,M
2024,SE,FT,Data Scientist,239000,USD,239000,US,100,US,M
2024,SE,FT,Data Scientist,159000,USD,159000,US,100,US,M
2024,SE,FT,Data Engineer,145000,USD,145000,US,0,US,M
2024,SE,FT,Data Engineer,115000,USD,115000,US,0,US,M
2024,SE,FT,Data Engineer,185000,USD,185000,US,0,US,M
2024,SE,FT,Data Engineer,160000,USD,160000,US,0,US,M
2024,MI,FT,Applied Scientist,210000,USD,210000,US,0,US,M
2024,MI,FT,Applied Scientist,160000,USD,160000,US,0,US,M
2024,EN,FT,Data Science,128750,USD,128750,US,0,US,M
2024,EN,FT,Data Science,61875,USD,61875,US,0,US,M
2024,SE,FT,Machine Learning Engineer,240000,USD,240000,CA,0,CA,M
2024,SE,FT,Machine Learning Engineer,178000,USD,178000,CA,0,CA,M
2024,EN,FT,Research Analyst,91200,USD,91200,US,0,US,M
2024,EN,FT,Research Analyst,58200,USD,58200,US,0,US,M
2024,SE,FT,Data Engineer,122000,USD,122000,US,0,US,M
2024,SE,FT,Data Engineer,94500,USD,94500,US,0,US,M
2024,MI,FT,Data Analyst,152300,USD,152300,US,0,US,M
2024,MI,FT,Data Analyst,76200,USD,76200,US,0,US,M
2024,SE,FT,Machine Learning Engineer,336000,USD,336000,CA,100,CA,M
2024,SE,FT,Machine Learning Engineer,304000,USD,304000,CA,100,CA,M
2024,MI,FT,Data Analyst,70000,USD,70000,US,100,US,M
2024,MI,FT,Data Analyst,51000,USD,51000,US,100,US,M
2024,SE,FT,Machine Learning Engineer,223000,USD,223000,US,0,US,M
2024,SE,FT,Machine Learning Engineer,185000,USD,185000,US,0,US,M
2024,MI,FT,Data Engineer,155000,USD,155000,US,0,US,M
2024,MI,FT,Data Engineer,120000,USD,120000,US,0,US,M
2024,SE,FT,Data Infrastructure Engineer,245900,USD,245900,US,100,US,M
2024,SE,FT,Data Infrastructure Engineer,139000,USD,139000,US,100,US,M
2024,MI,FT,Admin & Data Analyst,95000,USD,95000,US,0,US,M
2024,SE,FT,Data Scientist,213000,USD,213000,US,0,US,M
2024,SE,FT,Data Scientist,120700,USD,120700,US,0,US,M
2024,MI,FT,Data Engineer,128000,USD,128000,US,0,US,M
2024,MI,FT,Data Engineer,81500,USD,81500,US,0,US,M
2024,EN,FT,Data Science,46000,USD,46000,US,0,US,M
2024,EN,FT,Data Science,40000,USD,40000,US,0,US,M
2024,SE,FT,Insight Analyst,60000,GBP,75000,US,0,US,M
2024,SE,FT,Insight Analyst,55000,GBP,68750,US,0,US,M
2024,EN,FT,Business Intelligence,176627,USD,176627,US,0,US,M
2024,EN,FT,Business Intelligence,106029,USD,106029,US,0,US,M
2024,SE,FT,Data Architect,193000,USD,193000,US,0,US,M
2024,SE,FT,Data Architect,84600,USD,84600,US,0,US,M
2024,EN,FT,Business Intelligence,94250,USD,94250,US,100,US,M
2024,EN,FT,Business Intelligence,65000,USD,65000,US,100,US,M
2024,MI,FT,Data Analyst,148017,USD,148017,US,0,US,M
2024,MI,FT,Data Analyst,87069,USD,87069,US,0,US,M
2024,MI,FT,Data Science,135800,USD,135800,US,100,US,M
2024,MI,FT,Data Science,95100,USD,95100,US,100,US,M
2024,SE,FT,Data Engineer,175000,USD,175000,US,0,US,M
2024,SE,FT,Data Engineer,117000,USD,117000,US,0,US,M
2024,SE,FT,Data Architect,234000,USD,234000,US,0,US,M
2024,SE,FT,Data Architect,146000,USD,146000,US,0,US,M
2024,MI,FT,Data Analyst,120000,USD,120000,US,0,US,M
2024,MI,FT,Data Analyst,105000,USD,105000,US,0,US,M
2024,EN,FT,Data Analyst,43500,USD,43500,US,0,US,M
2024,EN,FT,Data Analyst,41000,USD,41000,US,0,US,M
2024,SE,FT,Data Engineer,234000,USD,234000,US,0,US,M
2024,SE,FT,Data Engineer,117000,USD,117000,US,0,US,M
2024,SE,FT,ML Engineer,211888,USD,211888,US,0,US,M
2024,SE,FT,ML Engineer,154100,USD,154100,US,0,US,M
2024,SE,FT,Data Analyst,185100,USD,185100,US,0,US,M
2024,SE,FT,Data Analyst,148500,USD,148500,US,0,US,M
2024,SE,FT,Data Analyst,147000,USD,147000,US,100,US,M
2024,SE,FT,Data Analyst,92000,USD,92000,US,100,US,M
2024,SE,FT,Analytics Engineer,148500,USD,148500,US,0,US,M
2024,SE,FT,Analytics Engineer,117000,USD,117000,US,0,US,M
2024,SE,FT,Data Analyst,130000,USD,130000,US,100,US,M
2024,SE,FT,Data Analyst,100000,USD,100000,US,100,US,M
2024,MI,FT,ML Engineer,203000,USD,203000,US,100,US,M
2024,MI,FT,ML Engineer,135000,USD,135000,US,100,US,M
2024,SE,FT,Consultant Data Engineer,50000,USD,50000,GE,100,US,M
2024,SE,FT,Data Scientist,322100,USD,322100,US,100,US,M
2024,SE,FT,Data Scientist,173400,USD,173400,US,100,US,M
2024,SE,FT,Business Intelligence Analyst,158900,USD,158900,US,100,US,M
2024,SE,FT,Business Intelligence Analyst,132400,USD,132400,US,100,US,M
2024,SE,FT,Machine Learning Engineer,370000,USD,370000,US,0,US,M
2024,SE,FT,Machine Learning Engineer,220000,USD,220000,US,0,US,M
2024,SE,FT,Analytics Engineer,180000,USD,180000,US,0,US,M
2024,SE,FT,Analytics Engineer,140000,USD,140000,US,0,US,M
2024,SE,FT,Data Engineer,247300,USD,247300,US,0,US,M
2024,SE,FT,Data Engineer,139800,USD,139800,US,0,US,M
2024,SE,FT,Data Scientist,213000,USD,213000,US,0,US,M
2024,SE,FT,Data Scientist,120700,USD,120700,US,0,US,M
2024,SE,FT,Data Engineer,172000,USD,172000,US,100,US,M
2024,SE,FT,Data Engineer,141000,USD,141000,US,100,US,M
2024,MI,FT,Business Intelligence Manager,140000,USD,140000,US,100,US,M
2024,MI,FT,Business Intelligence Manager,100000,USD,100000,US,100,US,M
2024,EN,FT,Data Analyst,100000,USD,100000,US,100,US,M
2024,EN,FT,Data Analyst,90000,USD,90000,US,100,US,M
2024,SE,FT,Data Engineer,135000,USD,135000,US,0,US,M
2024,SE,FT,Data Engineer,115000,USD,115000,US,0,US,M
2024,SE,FT,Data Engineer,130000,USD,130000,US,0,US,M
2024,SE,FT,Data Engineer,100000,USD,100000,US,0,US,M
2024,SE,FT,Data Scientist,240901,USD,240901,US,100,US,M
2024,SE,FT,Data Scientist,168630,USD,168630,US,100,US,M
2024,MI,FT,Data Analyst,100000,USD,100000,US,0,US,M
2024,MI,FT,Data Analyst,90000,USD,90000,US,0,US,M
2024,EX,FT,Head of Data,312300,USD,312300,US,100,US,M
2024,EX,FT,Head of Data,269000,USD,269000,US,100,US,M
2024,EX,FT,Data Engineer,273600,USD,273600,US,100,US,M
2024,EX,FT,Data Engineer,182400,USD,182400,US,100,US,M
2024,SE,FT,Data Architect,184000,USD,184000,US,0,US,M
2024,SE,FT,Data Architect,123000,USD,123000,US,0,US,M
2024,SE,FT,Research Engineer,250000,USD,250000,US,100,US,M
2024,SE,FT,Research Engineer,150000,USD,150000,US,100,US,M
2024,SE,FT,Business Intelligence Analyst,140000,USD,140000,US,100,US,M
2024,SE,FT,Business Intelligence Analyst,100000,USD,100000,US,100,US,M
2024,SE,FT,Data Scientist,202500,USD,202500,US,0,US,M
2024,SE,FT,Data Scientist,135000,USD,135000,US,0,US,M
2024,MI,FT,Data Engineer,159550,USD,159550,US,0,US,M
2024,MI,FT,Data Engineer,113000,USD,113000,US,0,US,M
2024,MI,FT,Data Science,75000,USD,75000,US,100,US,M
2024,MI,FT,Data Science,55000,USD,55000,US,100,US,M
2024,EX,FT,Data Engineer,253900,USD,253900,US,0,US,M
2024,EX,FT,Data Engineer,145100,USD,145100,US,0,US,M
2024,MI,FT,Research Scientist,138000,USD,138000,US,0,US,M
2024,MI,FT,Research Scientist,86000,USD,86000,US,0,US,M
2024,SE,FT,Research Scientist,179000,USD,179000,US,0,US,M
2024,SE,FT,Research Scientist,112000,USD,112000,US,0,US,M
2024,EN,FT,Data Management Analyst,105000,USD,105000,CA,0,CA,M
2024,EN,FT,Data Management Analyst,80800,USD,80800,CA,0,CA,M
2024,EN,FT,Data Analyst,64500,USD,64500,US,0,US,M
2024,EN,FT,Data Analyst,46500,USD,46500,US,0,US,M
2024,SE,FT,Data Engineer,120750,USD,120750,US,0,US,M
2024,SE,FT,Data Engineer,85000,USD,85000,US,0,US,M
2024,SE,FT,Data Architect,180000,USD,180000,US,100,US,M
2024,SE,FT,Data Architect,144000,USD,144000,US,100,US,M
2024,SE,FT,Data Analyst,144606,USD,144606,US,0,US,M
2024,SE,FT,Data Analyst,128539,USD,128539,US,0,US,M
2024,MI,FT,BI Developer,79400,USD,79400,US,0,US,M
2024,MI,FT,BI Developer,55600,USD,55600,US,0,US,M
2024,MI,FT,Data Engineer,131700,USD,131700,US,0,US,M
2024,MI,FT,Data Engineer,84000,USD,84000,US,0,US,M
2024,SE,FT,Data Science,206000,USD,206000,US,0,US,M
2024,SE,FT,Data Science,106605,USD,106605,US,0,US,M
2024,MI,FT,Data Analyst,179000,USD,179000,US,0,US,M
2024,MI,FT,Data Analyst,112000,USD,112000,US,0,US,M
2024,SE,FT,Business Intelligence,120750,USD,120750,US,0,US,M
2024,SE,FT,Business Intelligence,85000,USD,85000,US,0,US,M
2024,SE,FT,Research Scientist,175000,USD,175000,US,0,US,M
2024,SE,FT,Research Scientist,118000,USD,118000,US,0,US,M
2024,SE,FT,Data Analyst,194000,USD,194000,US,0,US,M
2024,SE,FT,Data Analyst,122000,USD,122000,US,0,US,M
2024,SE,FT,Business Intelligence,142250,USD,142250,US,0,US,M
2024,SE,FT,Business Intelligence,100000,USD,100000,US,0,US,M
2024,MI,FT,Data Scientist,99000,USD,99000,US,0,US,M
2024,MI,FT,Data Scientist,87000,USD,87000,US,0,US,M
2024,EN,FT,Research Engineer,118400,USD,118400,US,0,US,M
2024,EN,FT,Research Engineer,64000,USD,64000,US,0,US,M
2024,MI,FT,Machine Learning Engineer,176000,USD,176000,US,0,US,M
2024,MI,FT,Machine Learning Engineer,72700,USD,72700,US,0,US,M
2024,SE,FL,Manager Data Management,3000000,INR,36014,IN,100,IN,S
2024,MI,FT,Data Engineer,145000,USD,145000,US,0,US,M
2024,MI,FT,Data Engineer,120000,USD,120000,US,0,US,M
2024,EN,FT,Research Analyst,126225,USD,126225,US,0,US,M
2024,EN,FT,Research Analyst,61846,USD,61846,US,0,US,M
2024,SE,FT,Data Analyst,114200,USD,114200,US,0,US,M
2024,SE,FT,Data Analyst,92900,USD,92900,US,0,US,M
2024,SE,FT,Data Engineer,219700,USD,219700,US,0,US,M
2024,SE,FT,Data Engineer,137300,USD,137300,US,0,US,M
2024,SE,FT,Business Intelligence Engineer,108500,USD,108500,US,0,US,M
2024,SE,FT,Business Intelligence Engineer,78800,USD,78800,US,0,US,M
2024,MI,FT,Data Scientist,44263,GBP,55328,ZA,0,ZA,M
2024,MI,FT,Data Scientist,33966,GBP,42457,ZA,0,ZA,M
2024,SE,FT,Data Analyst,95000,USD,95000,US,0,US,M
2024,SE,FT,Data Analyst,85000,USD,85000,US,0,US,M
2024,MI,FT,Data Quality Manager,50000,EUR,55555,ES,0,ES,M
2024,MI,FT,Data Quality Manager,40000,EUR,44444,ES,0,ES,M
2024,SE,FT,Data Modeler,155000,USD,155000,US,100,US,M
2024,SE,FT,Data Modeler,140000,USD,140000,US,100,US,M
2024,MI,FT,Data Analytics Manager,128000,USD,128000,US,0,US,M
2024,MI,FT,Data Analytics Manager,81500,USD,81500,US,0,US,M
2024,MI,FT,Business Intelligence Analyst,95000,USD,95000,US,100,US,M
2024,MI,FT,Business Intelligence Analyst,68000,USD,68000,US,100,US,M
2024,EN,FT,Data Scientist,194500,USD,194500,US,0,US,M
2024,EN,FT,Data Scientist,125500,USD,125500,US,0,US,M
2024,MI,FT,Data Scientist,187000,USD,187000,US,0,US,M
2024,MI,FT,Data Scientist,153000,USD,153000,US,0,US,M
2024,SE,FT,Data Architect,146000,USD,146000,US,0,US,M
2024,SE,FT,Data Architect,128000,USD,128000,US,0,US,M
2024,MI,FT,Data Scientist,130500,USD,130500,US,0,US,M
2024,MI,FT,Data Scientist,96000,USD,96000,US,0,US,M
2024,SE,FT,Business Intelligence Analyst,140000,USD,140000,US,100,US,M
2024,SE,FT,Business Intelligence Analyst,105000,USD,105000,US,100,US,M
2024,SE,FT,Data Engineer,153000,USD,153000,US,100,US,M
2024,SE,FT,Data Engineer,122000,USD,122000,US,100,US,M
2024,SE,FT,Data Science Engineer,190000,USD,190000,US,100,US,M
2024,SE,FT,Data Science Engineer,126000,USD,126000,US,100,US,M
2024,MI,FT,Research Engineer,108100,USD,108100,US,0,US,M
2024,MI,FT,Research Engineer,60800,USD,60800,US,0,US,M
2024,MI,FT,Data Scientist,170000,USD,170000,US,100,US,M
2024,MI,FT,Data Scientist,100000,USD,100000,US,100,US,M
2024,SE,FT,Data Scientist,208000,USD,208000,US,0,US,M
2024,SE,FT,Data Scientist,175000,USD,175000,US,0,US,M
2024,SE,FT,Research Engineer,485000,USD,485000,US,0,US,M
2024,SE,FT,Research Engineer,280000,USD,280000,US,0,US,M
2024,SE,FT,Robotics Engineer,240000,USD,240000,US,0,US,M
2024,SE,FT,Robotics Engineer,160000,USD,160000,US,0,US,M
2024,SE,FT,Data Scientist,239000,USD,239000,US,0,US,M
2024,SE,FT,Data Scientist,177000,USD,177000,US,0,US,M
2024,SE,FT,Data Engineer,135000,USD,135000,US,100,US,M
2024,SE,FT,Data Engineer,110000,USD,110000,US,100,US,M
2024,MI,FT,Data Scientist,177300,USD,177300,US,0,US,M
2024,MI,FT,Data Scientist,136300,USD,136300,US,0,US,M
2024,SE,FT,Data Scientist,250944,USD,250944,US,100,US,M
2024,SE,FT,Data Scientist,178538,USD,178538,US,100,US,M
2024,SE,FT,Data Scientist,180000,USD,180000,US,100,US,M
2024,SE,FT,Data Scientist,140000,USD,140000,US,100,US,M
2024,SE,FT,Data Engineer,250000,USD,250000,US,100,US,M
2024,SE,FT,Data Engineer,180700,USD,180700,US,100,US,M
2024,EX,FT,Head of Data,243000,USD,243000,US,0,US,M
2024,EX,FT,Head of Data,163000,USD,163000,US,0,US,M
2024,MI,FT,Research Scientist,250000,USD,250000,US,0,US,M
2024,MI,FT,Research Scientist,190000,USD,190000,US,0,US,M
2024,SE,FT,Data Science,150000,USD,150000,US,100,US,M
2024,SE,FT,Data Science,90200,USD,90200,US,100,US,M
2024,MI,FT,Research Scientist,162000,USD,162000,US,0,US,M
2024,MI,FT,Research Scientist,128000,USD,128000,US,0,US,M
2024,SE,FT,Data Analyst,140000,USD,140000,US,0,US,M
2024,SE,FT,Data Analyst,107000,USD,107000,US,0,US,M
2024,MI,FT,Data Analyst,155700,USD,155700,US,0,US,M
2024,MI,FT,Data Analyst,75500,USD,75500,US,0,US,M
2024,EN,FT,Business Intelligence Analyst,111400,USD,111400,US,100,US,M
2024,EN,FT,Business Intelligence Analyst,62800,USD,62800,US,100,US,M
2024,SE,FT,Research Scientist,234000,USD,234000,US,0,US,M
2024,SE,FT,Research Scientist,146000,USD,146000,US,0,US,M
2024,MI,FT,Data Scientist,172000,USD,172000,US,0,US,M
2024,MI,FT,Data Scientist,75600,USD,75600,US,0,US,M
2024,SE,FT,Business Intelligence,204000,USD,204000,US,0,US,M
2024,SE,FT,Business Intelligence,105800,USD,105800,US,0,US,M
2024,SE,FT,Business Intelligence,246000,USD,246000,US,0,US,M
2024,SE,FT,Business Intelligence,132600,USD,132600,US,0,US,M
2024,SE,FT,Data Analyst,190000,USD,190000,US,0,US,M
2024,SE,FT,Data Analyst,152000,USD,152000,US,0,US,M
2024,SE,FT,Machine Learning Scientist,125000,USD,125000,US,100,US,M
2024,SE,FT,Machine Learning Scientist,110000,USD,110000,US,100,US,M
2024,MI,FT,Data Analyst,84105,USD,84105,US,0,US,M
2024,MI,FT,Data Analyst,76095,USD,76095,US,0,US,M
2024,MI,FT,Data Analytics Manager,203900,USD,203900,US,0,US,M
2024,MI,FT,Data Analytics Manager,116600,USD,116600,US,0,US,M
2024,SE,FT,Data Engineer,143706,USD,143706,US,100,US,M
2024,SE,FT,Data Engineer,84533,USD,84533,US,100,US,M
2024,SE,FT,Data Architect,201700,USD,201700,US,100,US,M
2024,SE,FT,Data Architect,122300,USD,122300,US,100,US,M
2024,MI,FT,Analytics Engineer,45600,EUR,50666,LT,0,LT,M
2024,MI,FT,Analytics Engineer,26400,EUR,29333,LT,0,LT,M
2024,SE,FT,Analytics Engineer,194000,USD,194000,US,100,US,M
2024,SE,FT,Analytics Engineer,96000,USD,96000,US,100,US,M
2024,SE,FT,Data Scientist,70000,EUR,77777,DE,0,DE,M
2024,SE,FT,Data Scientist,40000,EUR,44444,DE,0,DE,M
2024,SE,FT,Data Analyst,165000,USD,165000,US,100,US,M
2024,SE,FT,Data Analyst,165000,USD,165000,US,100,US,M
2024,SE,FT,Research Engineer,142200,USD,142200,US,0,US,M
2024,SE,FT,Research Engineer,116200,USD,116200,US,0,US,M
2024,SE,FT,Data Science,175000,USD,175000,US,0,US,M
2024,SE,FT,Data Science,100000,USD,100000,US,0,US,M
2024,MI,FT,Data Scientist,80000,USD,80000,US,0,US,M
2024,MI,FT,Data Scientist,52500,USD,52500,US,0,US,M
2024,SE,FT,Data Scientist,213000,USD,213000,US,0,US,M
2024,SE,FT,Data Scientist,120700,USD,120700,US,0,US,M
2024,SE,FT,Data Scientist,200000,USD,200000,US,100,US,M
2024,SE,FT,Data Scientist,160000,USD,160000,US,100,US,M
2024,SE,FT,Machine Learning Engineer,169200,USD,169200,US,0,US,M
2024,SE,FT,Machine Learning Engineer,130100,USD,130100,US,0,US,M
2024,SE,FT,Data Architect,227000,USD,227000,US,0,US,M
